{
    "num_detections": 3,
    "results": [
        {
            "text": "TetRecgtonocParingTt",
            "box": [
                [
                    157,
                    380
                ],
                [
                    1160,
                    380
                ],
                [
                    1160,
                    439
                ],
                [
                    157,
                    439
                ]
            ],
            "confidence": 0.7431623935699463,
            "score": 0.9416658442785589
        },
        {
            "text": "PaddleOCR3.0",
            "box": [
                [
                    157,
                    239
                ],
                [
                    1163,
                    239
                ],
                [
                    1163,
                    352
                ],
                [
                    157,
                    352
                ]
            ],
            "confidence": 0.9748998284339905,
            "score": 0.879967864123032
        },
        {
            "text": "PaddleOCR",
            "box": [
                [
                    1478,
                    174
                ],
                [
                    1604,
                    206
                ],
                [
                    1594,
                    251
                ],
                [
                    1468,
                    218
                ]
            ],
            "confidence": 0.9202121496200562,
            "score": 0.7384166964617642
        }
    ],
    "image_size": {
        "width": 2560,
        "height": 720
    }
}
